<?xml version="1.0" encoding="UTF-8"?>
<project-private xmlns="http://www.netbeans.org/ns/project-private/1">
    <editor-bookmarks xmlns="http://www.netbeans.org/ns/editor-bookmarks/2" lastBookmarkId="0"/>
    <open-files xmlns="http://www.netbeans.org/ns/projectui-open-files/2">
        <group>
            <file>file:/E:/emb/diploma.X/MCAL_layer/INT/external_int.c</file>
            <file>file:/E:/emb/diploma.X/MCAL_layer/GPIO/hal_gpio.c</file>
            <file>file:/E:/emb/diploma.X/MCAL_layer/INT/external_int.h</file>
            <file>file:/E:/emb/diploma.X/MCAL_layer/INT/int_config.h</file>
            <file>file:/E:/emb/diploma.X/diploma.c</file>
        </group>
    </open-files>
</project-private>
